,admin_region,admin_city,total(m^2),city(m^2),no_city(m^2),address_compo_short_name,formatted_addres_name,geo_location_lat,geo_location_lng,viewport_north_lat,viewport_north_lng,viewport_south_lat,viewport_south_lng,bounds_north_lat,bounds_north_lng,bounds_south_lat,bounds_south_lng,area,population,classification
0,전국,전국,1.00E+11,25825757496,74537957375,,,,,,,,,,,,,,,
1,서울특별시,서울특별시,605242800,605242800,,Seoul,Seoul,37.566535,126.9779692,37.6956,127.1823,37.4346,126.7968,37.7017495,127.1835899,37.4259627,126.7645827,수도권,9741381,Metropolitan City
2,부산광역시,부산광역시,770035669,680329399,89706270,Busan,Busan,35.1795543,129.0756416,35.2847,129.1884,35.0442,128.9552,35.3874414,129.3344242,34.8531186,128.7531524,영남권,3416918,Metropolitan City
3,대구광역시,대구광역시,883603108,565157210,318445898,Daegu,Daegu,35.8714354,128.601445,35.9643,128.6577,35.7952,128.4757,36.0172827,128.7632175,35.6071707,128.3497208,영남권,2453041,Metropolitan City
4,인천광역시,인천광역시,1063115331,503752489,559362842,Incheon,Incheon,37.4562557,126.7052062,37.57,126.7521,37.3591,126.5966,38.0026676,126.7936272,37.0028079,124.5981092,수도권,2925967,Metropolitan City
5,광주광역시,광주광역시,501181188,501181188,,Gwangju,Gwangju,35.1595454,126.8526012,35.2415,126.9348,35.1119,126.7528,35.2589426,127.0229413,35.0508149,126.6449035,호남권,1496172,Metropolitan City
6,대전광역시,대전광역시,539464180,539464180,,Daejeon,Daejeon,36.3504119,127.3845475,36.4563,127.4643,36.2899,127.3133,36.4999476,127.5590436,36.1833708,127.2464501,충청권,1525849,Metropolitan City
7,울산광역시,울산광역시,1061177047,553644016,507533031,Ulsan,Ulsan,35.5383773,129.3113596,35.6573,129.453,35.4668,129.25,35.7252482,129.4977041,35.3030728,128.9756829,영남권,1157077,Metropolitan City
8,세종특별자치시,세종특별자치시,464893067,42233103,422659964,Namsejong-ro,Sejong,36.4800984,127.2890354,36.48144738,127.2903844,36.47874942,127.2876864,,,,,충청권,276589,City
9,경기도,수원시,121054375,121054375,,Gyeonggi-do,Suwon,37.2635727,127.0286009,37.3178,127.0887,37.2398,126.963,37.353075,127.0904507,37.2245524,126.9254886,수도권,1216996,City
10,경기도,성남시,141659163,141659163,,Gyeonggi-do,Seongnam,37.4449168,127.1388684,37.4654,127.1796,37.3351,127.1023,37.4756297,127.1974457,37.3330741,127.0235872,수도권,944297,City
11,경기도,고양시,268059218,268059218,,Gyeonggi-do,Goyang,37.6583599,126.8320201,37.7008,126.8534,37.6111,126.7422,37.750353,126.9933708,37.5746095,126.6699673,수도권,1005102,City
12,경기도,용인시,591350941,349144180,242206761,Gyeonggi-do,Yongin,37.2410864,127.1775537,37.3375,127.2263,37.2304,127.0663,37.3719913,127.4270873,37.0830073,127.0159523,수도권,996250,City
13,경기도,부천시,53442446,53442446,,Gyeonggi-do,Bucheon,37.5034138,126.7660309,37.5339,126.8243,37.467,126.7457,37.5542723,126.8339469,37.4583851,126.7411623,수도권,845514,City
14,경기도,안산시,155198095,155198095,,Gyeonggi-do,Ansan,37.3218778,126.8308848,37.358,126.8792,37.2823,126.7249,37.3771543,126.9397483,37.0626518,126.333561,수도권,733661,City
15,경기도,안양시,58497532,58497532,,Gyeonggi-do,Anyang,37.3942527,126.9568209,37.4258,126.9793,37.3513,126.8948,37.4499668,126.9829804,37.361394,126.8706562,수도권,576697,City
16,경기도,남양주시,458070891,309231894,148838997,Gyeonggi-do,Namyangju,37.6360028,127.2165279,37.6646,127.2612,37.5978,127.1483,37.7799923,127.3795048,37.5087672,127.0803089,수도권,644936,City
17,경기도,화성시,693952248,272259887,421692361,Gyeonggi-do,Hwaseong,37.1994932,126.8311887,37.2167,126.8396,37.1736,126.7826,37.3261686,127.1612785,37.0086926,126.4882544,수도권,708569,City
18,경기도,평택시,458076120,280452597,177623523,Gyeonggi-do,Pyeongtaek,36.9921075,127.1129451,37.0055,127.1225,36.9841,127.0745,37.1448626,127.1541478,36.8993825,126.7530107,수도권,486077,City
19,경기도,의정부시,81539418,81539418,,Gyeonggi-do,Uijeongbu,37.738098,127.0336819,37.7656,127.1011,37.6995,127.0247,37.7786637,127.1501039,37.6860505,126.9985864,수도권,426530,City
20,경기도,시흥시,137607939,137607939,,Gyeonggi-do,Siheung,37.3798877,126.8031025,37.4539,126.815,37.3084,126.6885,37.4724313,126.8814519,37.2960852,126.6608891,수도권,446369,City
21,경기도,파주시,673115033,258230607,414884426,Gyeonggi-do,Paju,37.7598688,126.7801781,37.7751,126.787,37.7479,126.7652,38.0111484,127.0170727,37.6882757,126.6479062,수도권,430650,City
22,경기도,광명시,38520232,38520232,,Gyeonggi-do,Gwangmyeong,37.4784878,126.8642888,37.497,126.8944,37.4468,126.8388,37.4955574,126.9000684,37.4014114,126.8255817,수도권,328253,City
23,경기도,김포시,276600491,127054282,149546209,Gyeonggi-do,Gimpo,37.6152464,126.7156325,37.6329,126.7328,37.5945,126.696,37.8029349,126.80219,37.5785852,126.5145827,수도권,392438,City
24,경기도,군포시,36415885,36415885,,Gyeonggi-do,Gunpo,37.3616703,126.9351741,37.3778,126.9493,37.3411,126.9162,37.3786678,126.9623563,37.3047018,126.8694862,수도권,280913,City
25,경기도,광주시,431016915,235851817,195165098,Gyeonggi-do,Gwangju,37.4171413,127.2561413,37.423,127.2669,37.3851,127.2276,37.5357952,127.4470557,37.2645835,127.1315857,수도권,341046,City
26,경기도,이천시,461426221,142181868,319244353,Gyeonggi-do,Icheon,37.2719952,127.4348221,37.2961,127.4636,37.2653,127.4318,37.361879,127.6377929,37.0411185,127.3290354,수도권,218798,City
27,경기도,양주시,310315259,127234825,183080434,Gyeonggi-do,Yangju,37.7852875,127.0458453,37.8485,127.1084,37.7686,127.0388,37.9417684,127.1226295,37.6688152,126.900375,수도권,212631,City
28,경기도,오산시,42726512,42726512,,Gyeonggi-do,Osan,37.1498096,127.0772212,37.1773,127.0904,37.1259,127.0516,37.2009471,127.1027993,37.1253666,126.9948577,수도권,219877,City
29,경기도,구리시,33311789,33311789,,Gyeonggi-do,Guri,37.5943124,127.1295646,37.6175,127.1562,37.5839,127.1278,37.6459749,127.1694995,37.5578761,127.0981797,수도권,189741,City
30,경기도,안성시,553397808,56897719,496500089,Gyeonggi-do,Anseong,37.0079695,127.2796786,37.0219,127.2808,37.0006,127.244,37.1562804,127.5163558,36.8939686,127.1015954,수도권,198832,City
31,경기도,포천시,826648999,81544386,745104613,Gyeonggi-do,Pocheon,37.8949148,127.2003551,37.9064,127.2119,37.888,127.1909,38.1929624,127.4447606,37.7461117,127.0876872,수도권,161239,City
32,경기도,의왕시,53986775,53986775,,Gyeonggi-do,Uiwang,37.344701,126.9683104,37.4036,127.002,37.312,126.9472,37.4155047,127.0449544,37.3002165,126.9290251,수도권,151852,City
33,경기도,하남시,93006863,93006863,,Gyeonggi-do,Hanam,37.5392646,127.2148919,37.5586,127.2294,37.5301,127.1923,37.5898498,127.2857552,37.4685502,127.1392989,수도권,218994,City
34,경기도,여주시,608336502,148685786,459650716,Gyeonggi-do,Yeoju,37.2980237,127.6371628,37.4431517,127.7690409,37.1343241,127.3944513,37.4431517,127.7690409,37.1343241,127.3944513,수도권,111476,City
35,경기도,양평군,877693097,42215478,835477619,Gyeonggi-do,Yangpyeong,37.4912195,127.4875607,37.6656783,127.8582526,37.366465,127.3042164,37.6656783,127.8582526,37.366465,127.3042164,수도권,109359,Town
36,경기도,동두천시,95658808,95658808,,Gyeonggi-do,Dongducheon,37.9034112,127.0605075,37.9361,127.0707,37.878,127.0436,37.9799387,127.1581557,37.8604079,127.0051158,수도권,97373,City
37,경기도,과천시,35868073,35868073,,Gyeonggi-do,Gwacheon,37.429246,126.9874451,37.4516,127.0238,37.4159,126.9766,37.4684248,127.0440002,37.4006563,126.9564623,수도권,53853,City
38,경기도,가평군,843724879,145080298,698644581,Gyeonggi-do,Gapyeong,37.8315403,127.5098827,38.0567851,127.620543,37.573401,127.2665393,38.0567851,127.620543,37.573401,127.2665393,수도권,59548,Town
39,경기도,연천군,676312014,143080470,533231544,Gyeonggi-do,Yeoncheon,38.0964438,127.0748335,38.302671,127.1892671,37.9277224,126.7666661,38.302671,127.1892671,37.9277224,126.7666661,수도권,43990,Town
40,강원도,춘천시,1116403402,110447884,1005955518,Gangwon-do,Chuncheon,37.8813153,127.7299707,37.8954,127.7575,37.8422,127.7072,38.0924146,128.0277134,37.67501,127.506128,강원권,283742,City
41,강원도,원주시,868269598,188995531,679274067,Gangwon-do,Wonju,37.3422186,127.9201621,37.3894,127.968,37.3106,127.9132,37.5022224,128.218881,37.1437419,127.7439802,강원권,341338,City
42,강원도,강릉시,1040709436,137035554,903673882,Gangwon-do,Gangneung,37.751853,128.8760574,37.7917,128.9286,37.7357,128.8714,37.9975611,129.1476733,37.5027247,128.5863625,강원권,215914,City
43,강원도,동해시,180206138,180206138,,Gangwon-do,Donghae,37.5247192,129.1142915,37.5643,129.1688,37.4671,129.0874,37.6527905,129.2476675,37.4327686,128.9642088,강원권,89151,City
44,강원도,태백시,303495317,303495317,,Gangwon-do,Taebaek,37.1640654,128.9855649,37.1814,128.9974,37.1443,128.9694,37.3555851,129.0945409,37.06272,128.8663941,강원권,44733,City
45,강원도,속초시,105735518,105735518,,Gangwon-do,Sokcho,38.2070148,128.5918489,38.2276,128.6098,38.1817,128.5674,38.3027014,128.6977007,38.1323289,128.410479,강원권,78618,City
46,강원도,삼척시,1186955786,394782599,792173187,Gangwon-do,Samcheok,37.4498683,129.1652059,37.458,129.1812,37.4291,129.1473,37.5307664,129.4476592,37.0471289,128.8453146,강원권,67860,City
47,강원도,홍천군,1820278031,107389773,1712888258,Gangwon-do,Hongcheon,37.6969518,127.8886827,37.9466406,128.601494,37.5494075,127.5348979,37.9466406,128.601494,37.5494075,127.5348979,강원권,67168,Town
48,강원도,횡성군,998098360,72421406,925676954,Gangwon-do,Hoengseong,37.4917566,127.9849295,37.6822651,128.3049419,37.2962067,127.7571716,37.6822651,128.3049419,37.2962067,127.7571716,강원권,43211,Town
49,강원도,영월군,1127635482,312214647,815420835,Gangwon-do,Yeongwol,37.183637,128.4617535,37.4001862,128.9065572,37.0303905,128.1080333,37.4001862,128.9065572,37.0303905,128.1080333,강원권,36934,Town
50,강원도,평창군,1463894643,161258153,1302636490,Gangwon-do,Pyeongchang,37.370474,128.3899769,37.8141541,128.7636429,37.272891,128.2443141,37.8141541,128.7636429,37.272891,128.2443141,강원권,40264,Town
51,강원도,정선군,1219774519,433080959,786693560,Gangwon-do,Jeongseon,37.3807549,128.6609505,37.5940461,128.9868456,37.1436317,128.5097071,37.5940461,128.9868456,37.1436317,128.5097071,강원권,36002,Town
52,강원도,철원군,889473417,486716041,402757376,Gangwon-do,Cheorwon,38.146609,127.3132256,38.4026737,127.8977731,38.0915111,127.0478551,38.4026737,127.8977731,38.0915111,127.0478551,강원권,44770,Town
53,강원도,화천군,908922134,291728013,617194121,Gangwon-do,Hwacheon,38.1056484,127.7080492,38.2858442,127.9110065,37.9920211,127.4211555,38.2858442,127.9110065,37.9920211,127.4211555,강원권,24625,Town
54,강원도,양구군,661814926,173723758,488091168,Gangwon-do,Yanggu,38.1100701,127.9898825,38.4026781,128.1798379,38.0003352,127.8506046,38.4026781,128.1798379,38.0003352,127.8506046,강원권,22355,Town
55,강원도,인제군,1645179452,315197609,1329981843,Gangwon-do,Inje,38.0694675,128.1706991,38.4526723,128.5122457,37.8051493,127.977111,38.4526723,128.5122457,37.8051493,127.977111,강원권,30524,Town
56,강원도,양양군,630095218,32420243,597674975,Gangwon-do,Yangyang,38.0753925,128.6188503,38.2027146,128.8976866,37.8670249,128.3908852,38.2027146,128.8976866,37.8670249,128.3908852,강원권,25556,Town
57,충청북도,청주시,940801577,329757360,611044217,Chungcheongbuk-do,Cheongju,36.6424341,127.4890319,36.6729,127.5205,36.6054,127.4189,36.7229862,127.5576296,36.5806943,127.3656841,충청권,842311,City
58,충청북도,충주시,983525195,145743268,837781927,Chungcheongbuk-do,Chungju,36.9910113,127.9259497,37.0196,127.9513,36.952,127.9034,37.2141801,128.1272101,36.7995969,127.6509049,충청권,212274,City
59,충청북도,제천시,883397741,239292715,644105026,Chungcheongbuk-do,Jecheon,37.1325821,128.1909481,37.1693,128.2387,37.117,128.1645,37.2626702,128.3339005,36.8204863,127.9191524,충청권,136929,City
60,충청북도,보은군,584221931,62272560,521949371,Chungcheongbuk-do,Boeun,36.4894573,127.7294827,36.6161095,127.9107815,36.3682164,127.5145363,36.6161095,127.9107815,36.3682164,127.5145363,충청권,32253,Town
61,충청북도,옥천군,537170225,47569651,489600574,Chungcheongbuk-do,Okcheon,36.3063646,127.5712809,36.4450972,127.8921685,36.171498,127.4855795,36.4450972,127.8921685,36.171498,127.4855795,충청권,49898,Town
62,충청북도,영동군,845960442,100622422,745338020,Chungcheongbuk-do,Yeongdong,36.1750231,127.7834302,36.3178668,128.0592785,36.0121372,127.5889798,36.3178668,128.0592785,36.0121372,127.5889798,충청권,49034,Town
63,충청북도,진천군,407251212,70555379,336695833,Chungcheongbuk-do,Jincheon,36.8553798,127.4361117,37.0115267,127.5854022,36.7488651,127.2883427,37.0115267,127.5854022,36.7488651,127.2883427,충청권,79186,Town
64,충청북도,괴산군,842157982,49606523,792551459,Chungcheongbuk-do,Goesan,36.815669,127.7865791,36.9467874,128.0665889,36.6072591,127.6205668,36.9467874,128.0665889,36.6072591,127.6205668,충청권,38579,Town
65,충청북도,음성군,520233402,157717832,362515570,Chungcheongbuk-do,Eumseong,36.9396792,127.6905018,37.1552262,127.7985012,36.8337587,127.4448808,37.1552262,127.7985012,36.8337587,127.4448808,충청권,104509,Town
66,충청북도,단양군,781147472,141701144,639446328,Chungcheongbuk-do,Danyang,36.9845473,128.3655186,37.1587553,128.6577072,36.8010244,128.216246,37.1587553,128.6577072,36.8010244,128.216246,충청권,28411,Town
67,충청북도,증평군,81802190,55379453,26422737,Chungcheongbuk-do,Jeungpyeong,36.7855019,127.5816556,36.860566,127.6659987,36.7027133,127.5393076,36.860566,127.6659987,36.7027133,127.5393076,충청권,37625,Town
68,충청남도,천안시,636078527,265701610,370376917,Chungcheongnam-do,Cheonan,36.815129,127.1138939,36.9733765,127.4204848,36.6205419,127.0097552,36.9733765,127.4204848,36.6205419,127.0097552,충청권,656294,City
69,충청남도,공주시,864209646,192619860,671589786,Chungcheongnam-do,Gongju,36.4465346,127.1191534,36.4822,127.1534,36.4357,127.1145,36.6812317,127.2912261,36.2770651,126.8848832,충청권,111017,City
70,충청남도,보령시,573896410,113257922,460638488,Chungcheongnam-do,Boryeong,36.3331629,126.6129441,36.3663,126.6218,36.3311,126.5838,36.5274473,126.7372095,36.1529128,125.9480213,충청권,100922,City
71,충청남도,아산시,542623901,134058001,408565900,Chungcheongnam-do,Asan,36.789796,127.0018494,36.7967,127.0273,36.766,126.9836,36.9426584,127.1202381,36.6492872,126.8282988,충청권,338473,City
72,충청남도,서산시,741304975,162078643,579226332,Chungcheongnam-do,Seosan,36.7844993,126.4503169,36.795,126.4702,36.7648,126.4412,37.0572003,126.6539923,36.6028644,126.2999902,충청권,171364,City
73,충청남도,논산시,555178610,84464926,470713684,Chungcheongnam-do,Nonsan,36.1870656,127.0987453,36.2137,127.115,36.1778,127.0729,36.3405017,127.3340572,36.0626229,126.9834079,충청권,123774,City
74,충청남도,계룡시,60721047,2885365,57835682,Chungcheongnam-do,Gyeryong,36.2745577,127.2485896,36.2912,127.282,36.2542,127.2312,36.3527553,127.2918501,36.2318865,127.1932769,충청권,41858,City
75,충청남도,당진시,704435299,183347751,521087548,Chungcheongnam-do,Dangjin,36.8936109,126.6283278,37.0940358,126.8587922,36.7490273,126.3479613,37.0940358,126.8587922,36.7490273,126.3479613,충청권,168508,City
76,충청남도,금산군,577206740,21832133,555374607,Chungcheongnam-do,Geumsan,36.1086928,127.4880712,36.2726393,127.6396353,35.9806573,127.3174583,36.2726393,127.6396353,35.9806573,127.3174583,충청권,55672,Town
77,충청남도,부여군,624534704,59266434,565268270,Chungcheongnam-do,Buyeo,36.2754406,126.910178,36.3868783,127.0702289,36.0704801,126.681533,36.3868783,127.0702289,36.0704801,126.681533,충청권,67028,Town
78,충청남도,서천군,365705778,46550981,319154797,Chungcheongnam-do,Seocheon,36.0803312,126.6913277,36.2029165,126.8711738,35.9839683,126.4479744,36.2029165,126.8711738,35.9839683,126.4479744,충청권,53321,Town
79,충청남도,청양군,479114992,36156920,442958072,Chungcheongnam-do,Cheongyang,36.4588326,126.8022116,36.5716709,127.0282972,36.3139422,126.6700213,36.5716709,127.0282972,36.3139422,126.6700213,충청권,31299,Town
80,충청남도,홍성군,442873860,110218421,332655439,Chungcheongnam-do,Hongseong,36.60123,126.6607764,36.6728031,126.7730445,36.4579863,126.4062955,36.6728031,126.7730445,36.4579863,126.4062955,충청권,103048,Town
81,충청남도,예산군,542664454,92550480,450113974,Chungcheongnam-do,Yesan,36.6826123,126.8483951,36.8039785,126.9693085,36.5266029,126.5851832,36.8039785,126.9693085,36.5266029,126.5851832,충청권,78678,Town
82,충청남도,태안군,515825061,179001911,336823150,Chungcheongnam-do,Taean,36.7456421,126.2980528,37.0028162,126.4603132,36.3895564,125.998005,37.0028162,126.4603132,36.3895564,125.998005,충청권,61170,Town
83,전라북도,전주시,205484489,205484489,,Jeollabuk-do,Jeonju,35.8242238,127.1479532,35.8689,127.1759,35.7821,127.0873,35.9023343,127.2362251,35.7285043,126.9977398,호남권,656956,City
84,전라북도,군산시,396408257,137568953,258839304,Jeollabuk-do,Gunsan,35.9676772,126.7366293,35.9931,126.7507,35.9386,126.6714,36.1529142,126.9156685,35.6633456,125.9480238,호남권,273649,City
85,전라북도,익산시,506542147,101984059,404558088,Jeollabuk-do,Iksan,35.9482858,126.9575991,35.9717,127.0196,35.9256,126.9338,36.156531,127.139149,35.8832763,126.8516248,호남권,298928,City
86,전라북도,정읍시,692913391,157685688,535227703,Jeollabuk-do,Jeongeup,35.5698855,126.8558955,35.6028,126.8839,35.549,126.8352,35.7589731,127.1174566,35.4621792,126.7156821,호남권,109263,City
87,전라북도,남원시,752231829,121575703,630656126,Jeollabuk-do,Namwon,35.416357,127.3904877,35.4373,127.4156,35.3903,127.3686,35.561229,127.6710659,35.3030593,127.1830448,호남권,79282,City
88,전라북도,김제시,545851800,100167156,445684644,Jeollabuk-do,Gimje,35.8036079,126.8808872,35.8103,126.9071,35.789,126.8756,35.9168864,127.087149,35.6657654,126.6158007,호남권,82358,City
89,전라북도,완주군,821081051,113168676,707912375,Jeollabuk-do,Wanju,35.891275,127.253895,36.13197,127.3765309,35.618801,126.9946826,36.13197,127.3765309,35.618801,126.9946826,호남권,98528,Town
90,전라북도,진안군,789096018,115882576,673213442,Jeollabuk-do,Jinan,35.7917297,127.4248356,36.0302351,127.6270444,35.623809,127.2651053,36.0302351,127.6270444,35.623809,127.2651053,호남권,22998,Town
91,전라북도,무주군,631838289,79389615,552448674,Jeollabuk-do,Muju,36.0068191,127.6607805,36.0677873,127.9120149,35.788634,127.524693,36.0677873,127.9120149,35.788634,127.524693,호남권,23195,Town
92,전라북도,장수군,533273137,101773502,431499635,Jeollabuk-do,Jangsu,35.6472767,127.5211363,35.8390061,127.6921605,35.4678625,127.3614918,35.8390061,127.6921605,35.4678625,127.3614918,호남권,21395,Town
93,전라북도,임실군,597367624,67756244,529611380,Jeollabuk-do,Imsil,35.6110549,127.2826599,35.7802436,127.4374688,35.4603875,127.0828847,35.7802436,127.4374688,35.4603875,127.0828847,호남권,26409,Town
94,전라북도,순창군,495936567,21142529,474794038,Jeollabuk-do,Sunchang,35.3744136,127.1375968,35.5583532,127.3110194,35.298636,126.8581321,35.5583532,127.3110194,35.298636,126.8581321,호남권,27017,Town
95,전라북도,고창군,607738005,42496201,565241804,Jeollabuk-do,Gochang,35.4358216,126.7020806,35.5809272,126.7740442,35.3009041,126.3979958,35.5809272,126.7740442,35.3009041,126.3979958,호남권,54947,Town
96,전라북도,부안군,493210923,24784816,468426107,Jeollabuk-do,Buan,35.7315661,126.7334651,35.8190181,126.841085,35.5470109,126.0980206,35.8190181,126.841085,35.5470109,126.0980206,호남권,51249,Town
97,전라남도,목포시,51635536,51635536,,Jeollanam-do,Mokpo,34.8118351,126.3921664,34.8277,126.4797,34.7779,126.3607,34.8498542,126.4600037,34.7347778,126.2437893,호남권,233948,City
98,전라남도,여수시,510544178,234962508,275581670,Jeollanam-do,Yeosu,34.7603737,127.6622221,34.7814,127.7525,34.7236,127.6312,34.9102301,127.9478783,34.0031887,127.1964729,호남권,271741,City
99,전라남도,순천시,910978216,181713265,729264951,Jeollanam-do,Suncheon,34.950637,127.4872135,34.9972,127.5346,34.9288,127.4752,35.1886575,127.5988013,34.8150674,127.1741109,호남권,266809,City
100,전라남도,나주시,608400380,122277649,486122731,Jeollanam-do,Naju,35.0160601,126.7107572,35.0454,126.7272,34.9886,126.702,35.1150963,126.8993271,34.8678468,126.513067,호남권,105579,City
101,전라남도,광양시,463116197,134677238,328438959,Jeollanam-do,Gwangyang,34.9406968,127.6958882,34.9726,127.7854,34.8984,127.6507,35.1832561,127.803179,34.8737602,127.5228415,호남권,144010,City
102,전라남도,담양군,455096496,29850733,425245763,Jeollanam-do,Damyang,35.3211394,126.9881673,35.4656805,127.117358,35.116293,126.8516372,35.4656805,127.117358,35.116293,126.8516372,호남권,43781,Town
103,전라남도,곡성군,547478384,52325194,495153190,Jeollanam-do,Gokseong,35.2819553,127.2919175,35.3347748,127.4126999,35.0699494,127.082326,35.3347748,127.4126999,35.0699494,127.082326,호남권,28768,Town
104,전라남도,구례군,443260500,45805554,397454946,Jeollanam-do,Gurye,35.2024947,127.4626534,35.3690454,127.6247576,35.0955786,127.3669157,35.3690454,127.6247576,35.0955786,127.3669157,호남권,24420,Town
105,전라남도,고흥군,807348327,79185372,728162955,Jeollanam-do,Goheung,34.6112219,127.284978,34.8282043,127.5479157,34.296269,127.0479599,34.8282043,127.5479157,34.296269,127.0479599,호남권,60984,Town
106,전라남도,보성군,663903340,151656250,512247090,Jeollanam-do,Boseong,34.7714563,127.0798944,34.9874374,127.5077323,34.6194515,126.9744529,34.9874374,127.5077323,34.6194515,126.9744529,호남권,39942,Town
107,전라남도,화순군,786909881,69817277,717092604,Jeollanam-do,Hwasun,35.0645029,126.9864799,35.216826,127.2020977,34.8232381,126.8237045,35.216826,127.2020977,34.8232381,126.8237045,호남권,60566,Town
108,전라남도,장흥군,622322408,189851416,432470992,Jeollanam-do,Jangheung,34.6816856,126.9069278,34.8772527,127.0674405,34.413575,126.7930445,34.8772527,127.0674405,34.413575,126.7930445,호남권,36275,Town
109,전라남도,강진군,500917924,50872935,450044989,Jeollanam-do,Gangjin,34.6420774,126.767261,34.7864642,126.8839003,34.4329949,126.6531586,34.7864642,126.8839003,34.4329949,126.6531586,호남권,33637,Town
110,전라남도,해남군,1031368962,65200787,966168175,Jeollanam-do,Haenam,34.5732516,126.5989274,34.7729845,126.7543882,34.2758308,126.220955,34.7729845,126.7543882,34.2758308,126.220955,호남권,67123,Town
111,전라남도,영암군,604171129,148315363,455855766,Jeollanam-do,Yeongam,34.8001685,126.6967918,34.9465624,126.859947,34.662242,126.350588,34.9465624,126.859947,34.662242,126.350588,호남권,57679,Town
112,전라남도,무안군,449730899,147137115,302593784,Jeollanam-do,Muan,34.9904542,126.4816856,35.1798311,126.5546817,34.7686994,126.2309304,35.1798311,126.5546817,34.7686994,126.2309304,호남권,81420,Town
113,전라남도,함평군,392105946,40226906,351879040,Jeollanam-do,Hampyeong,35.0659399,126.5165524,35.2357295,126.6723938,34.9730906,126.3601646,35.2357295,126.6723938,34.9730906,126.3601646,호남권,30948,Town
114,전라남도,영광군,474960398,171752056,303208342,Jeollanam-do,Yeonggwang,35.2771719,126.5119874,35.4424828,126.6444559,35.1579149,125.9480435,35.4424828,126.6444559,35.1579149,125.9480435,호남권,49670,Town
115,전라남도,장성군,518398910,69519964,448878946,Jeollanam-do,Jangseong,35.3018333,126.7848541,35.4890732,126.9267337,35.1908309,126.5834625,35.4890732,126.9267337,35.1908309,126.5834625,호남권,41663,Town
116,전라남도,완도군,396444766,114546341,281898425,Jeollanam-do,Wando,34.3110596,126.7550541,34.5031284,127.2127407,33.9031904,126.3351135,34.5031284,127.2127407,33.9031904,126.3351135,호남권,48332,Town
117,전라남도,진도군,440115630,44315845,395799785,Jeollanam-do,Jindo,34.4868712,126.2634853,34.6088987,126.4198528,34.1034962,125.7980833,34.6088987,126.4198528,34.1034962,125.7980833,호남권,29432,Town
118,전라남도,신안군,655916742,147424453,508492289,Jeollanam-do,Sinan,34.827332,126.101074,35.2530215,126.3859933,34.0031545,125.0481565,35.2530215,126.3859933,34.0031545,125.0481565,호남권,35592,Town
119,경상북도,포항시,1130011122,334939710,795071412,Gyeongsangbuk-do,Pohang,36.0190178,129.3434808,36.0897,129.4235,35.9489,129.3157,36.3320526,129.5976832,35.8351122,128.9886614,영남권,506909,City
120,경상북도,경주시,1324938359,607194500,717743859,Gyeongsangbuk-do,Gyeongju,35.8561719,129.2247477,35.8823,129.2362,35.8245,129.1725,36.0797791,129.5476923,35.6368001,128.9701628,영남권,262264,City
121,경상북도,김천시,1009827381,117665666,892161715,Gyeongsangbuk-do,Gimcheon,36.1398393,128.1135947,36.16,128.1492,36.1116,128.078,36.2587934,128.3007785,35.8307667,127.8721106,영남권,140765,City
122,경상북도,안동시,1521984291,180722105,1341262186,Gyeongsangbuk-do,Andong,36.5683543,128.729357,36.58,128.77,36.5454,128.6836,36.8230838,129.0014582,36.296101,128.4280363,영남권,165704,City
123,경상북도,구미시,615293655,257460639,357833016,Gyeongsangbuk-do,Gumi,36.119485,128.3445734,36.1588,128.4475,36.0708,128.3005,36.3620761,128.5642327,36.0604027,128.1322544,영남권,423003,City
124,경상북도,영주시,669902030,136400711,533501319,Gyeongsangbuk-do,Yeongju,36.8056858,128.6240551,36.8348,128.6404,36.7964,128.5988,37.0634598,128.7438524,36.6957536,128.4256542,영남권,108443,City
125,경상북도,영천시,919217115,130486987,788730128,Gyeongsangbuk-do,Yeongcheon,35.9732915,128.9385493,35.9927,128.9636,35.9573,128.9188,36.1842658,129.1529516,35.8307605,128.6928299,영남권,97675,City
126,경상북도,상주시,1254658272,152931824,1101726448,Gyeongsangbuk-do,Sangju,36.4109466,128.1590828,36.4307,128.1763,36.4031,128.1454,36.6569183,128.3388062,36.2370309,127.7938878,영남권,98189,City
127,경상북도,문경시,911833371,355244504,556588867,Gyeongsangbuk-do,Mungyeong,36.586148,128.1867972,36.6084,128.2121,36.5808,128.1767,36.8736798,128.3718868,36.5130308,127.8764933,영남권,70016,City
128,경상북도,경산시,411770700,135337616,276433084,Gyeongsangbuk-do,Gyeongsan,35.8250555,128.7415441,35.8488,128.7705,35.7982,128.6881,35.9974206,128.9720044,35.7000483,128.6804441,영남권,282626,City
129,경상북도,군위군,614281574,84077879,530203695,Gyeongsangbuk-do,Gunwi,36.2428355,128.5727702,36.3271931,128.9000626,36.0075086,128.4105311,36.3271931,128.9000626,36.0075086,128.4105311,영남권,22230,Town
130,경상북도,의성군,1175117290,68783321,1106333969,Gyeongsangbuk-do,Uiseong,36.3526576,128.6970053,36.5320477,128.8971164,36.1899337,128.2876162,36.5320477,128.8971164,36.1899337,128.2876162,영남권,50082,Town
131,경상북도,청송군,846059316,82417789,763641527,Gyeongsangbuk-do,Cheongsong,36.4359045,129.0571077,36.5940031,129.2540452,36.1609166,128.8489815,36.5940031,129.2540452,36.1609166,128.8489815,영남권,24441,Town
132,경상북도,영양군,815643402,130784745,684858657,Gyeongsangbuk-do,Yeongyang,36.6666558,129.1124007,36.8888242,129.3107745,36.4888689,128.9849276,36.8888242,129.3107745,36.4888689,128.9849276,영남권,16579,Town
133,경상북도,영덕군,741228687,66120649,675108038,Gyeongsangbuk-do,Yeongdeok,36.4150799,129.3659681,36.6727817,129.4976751,36.2634131,129.1476389,36.6727817,129.4976751,36.2634131,129.1476389,영남권,36148,Town
134,경상북도,청도군,693721355,130050986,563670369,Gyeongsangbuk-do,Cheongdo,35.6472706,128.7339107,35.8440701,129.0438129,35.5664734,128.5255287,35.8440701,129.0438129,35.5664734,128.5255287,영남권,41278,Town
135,경상북도,고령군,384057327,47372823,336684504,Gyeongsangbuk-do,Goryeong,35.7261415,128.262953,35.8537879,128.4814321,35.6127006,128.1594848,35.8537879,128.4814321,35.6127006,128.1594848,영남권,33094,Town
136,경상북도,성주군,616081537,36335861,579745676,Gyeongsangbuk-do,Seongju,35.9190079,128.2829738,36.0551261,128.4033885,35.7775346,128.0462877,36.0551261,128.4033885,35.7775346,128.0462877,영남권,41225,Town
137,경상북도,칠곡군,450929619,140558971,310370648,Gyeongsangbuk-do,Chilgok,35.9953059,128.4015434,36.1259281,128.6369203,35.8863745,128.2833536,36.1259281,128.6369203,35.8863745,128.2833536,영남권,121778,Town
138,경상북도,예천군,661417314,47409066,614008248,Gyeongsangbuk-do,Yecheon,36.6577004,128.4528808,36.8496511,128.610212,36.454227,128.2604604,36.8496511,128.610212,36.454227,128.2604604,영남권,46321,Town
139,경상북도,봉화군,1201790539,74342367,1127448172,Gyeongsangbuk-do,Bonghwa,36.8930933,128.7323752,37.1053802,129.1928762,36.7464646,128.6366144,37.1053802,129.1928762,36.7464646,128.6366144,영남권,31082,Town
140,경상북도,울진군,989897713,118774569,871123144,Gyeongsangbuk-do,Uljin,36.9930661,129.4004195,37.1801762,129.4976705,36.6336413,129.0770811,37.1801762,129.4976705,36.6336413,129.0770811,영남권,48504,Town
141,경상북도,울릉군,72877837,21401687,51476150,Gyeongsangbuk-do,Ulleung,37.4844171,130.9058002,37.5528384,131.8974269,37.2028975,130.7475235,37.5528384,131.8974269,37.2028975,130.7475235,영남권,8702,Town
142,경상남도,창원시,747818731,439281486,308537245,Gyeongsangnam-do,Changwon,35.2279868,128.6818143,35.22933578,128.6831633,35.22663782,128.6804653,,,,,영남권,1045559,City
143,경상남도,진주시,712944069,110849594,602094475,Gyeongsangnam-do,Jinju,35.1799817,128.1076213,35.2137,128.1283,35.1508,128.0514,35.3509734,128.3694307,35.0508278,127.8880404,영남권,353209,City
144,경상남도,통영시,239859565,61876897,177982668,Gyeongsangnam-do,Tongyeong,34.8544227,128.433182,34.8889,128.4397,34.8232,128.3978,34.983535,128.7478013,34.5031497,128.1054174,영남권,132962,City
145,경상남도,사천시,398649589,89439732,309209857,Gyeongsangnam-do,Sacheon,35.0037788,128.064185,35.0141,128.1017,34.9249,128.0502,35.1596342,128.1840012,34.8672956,127.8787762,영남권,111655,City
146,경상남도,김해시,463364980,158596844,304768136,Gyeongsangnam-do,Gimhae,35.2285451,128.8893517,35.2757,128.9254,35.2202,128.8474,35.3952944,129.0141338,35.1504905,128.6911092,영남권,536456,City
147,경상남도,밀양시,798636034,144075546,654560488,Gyeongsangnam-do,Miryang,35.5037598,128.7464415,35.5141,128.7746,35.4699,128.7365,35.6404257,129.0215902,35.3450818,128.5710591,영남권,103894,City
148,경상남도,거제시,402745412,74884938,327860474,Gyeongsangnam-do,Geoje,34.8806427,128.6210824,34.9025,128.6472,34.8692,128.6014,35.0549965,128.8110285,34.6531367,128.4458997,영남권,257847,City
149,경상남도,양산시,485411853,143684879,341726974,Gyeongsangnam-do,Yangsan,35.3350072,129.0371689,35.3779,129.0652,35.3037,128.9978,35.5323339,129.2198763,35.2739806,128.8730538,영남권,332596,City
150,경상남도,의령군,482860619,34288700,448571919,Gyeongsangnam-do,Uiryeong,35.3221896,128.261658,35.5174838,128.4370555,35.2532145,128.0825305,35.5174838,128.4370555,35.2532145,128.0825305,영남권,26292,Town
151,경상남도,함안군,416597155,91624788,324972367,Gyeongsangnam-do,Haman,35.2725591,128.4064797,35.4003629,128.5882399,35.1639345,128.2737901,35.4003629,128.5882399,35.1639345,128.2737901,영남권,67906,Town
152,경상남도,창녕군,532860749,116667774,416192975,Gyeongsangnam-do,Changnyeong,35.5445563,128.4922143,35.6841841,128.6517358,35.369404,128.3503088,35.6841841,128.6517358,35.369404,128.3503088,영남권,62544,Town
153,경상남도,남해군,357554592,27151909,330402683,Gyeongsangnam-do,Namhae,34.8376721,127.8924234,34.9556793,128.1556778,34.4531494,127.7902355,34.9556793,128.1556778,34.4531494,127.7902355,영남권,42986,Town
154,경상남도,고성군(경상남도),675622348,29526382,646095966,Gyeongsangnam-do,Goseong(Gyeongsangnam-do),34.973149,128.3222456,35.1328138,128.540797,34.8546371,128.091556,35.1328138,128.540797,34.8546371,128.091556,영남권,52439,Town
155,경상남도,산청군,794811904,68911168,725900736,Gyeongsangnam-do,Sancheong,35.4155885,127.8734981,35.5764395,128.1152373,35.2179213,127.6698968,35.5764395,128.1152373,35.2179213,127.6698968,영남권,34033,Town
156,경상남도,함양군,725434401,69331370,656103031,Gyeongsangnam-do,Hamyang,35.5204614,127.7251763,35.7791108,127.8783012,35.3277727,127.5832497,35.7791108,127.8783012,35.3277727,127.5832497,영남권,37942,Town
157,경상남도,거창군,803200594,56036047,747164547,Gyeongsangnam-do,Geochang,35.6867229,127.9095155,35.9099572,128.096505,35.5145436,127.6849576,35.9099572,128.096505,35.5145436,127.6849576,영남권,60083,Town
158,경상남도,합천군,983467567,53033665,930433902,Gyeongsangnam-do,Hapcheon,35.5665758,128.1657995,35.8338524,128.3779406,35.367485,127.9535918,35.8338524,128.3779406,35.367485,127.9535918,영남권,43449,Town
159,제주특별자치도,제주시,978685742,886066839,92618903,Jeju-do,Jeju,33.4996213,126.5311884,33.532,126.5941,33.4757,126.4659,34.053171,126.9979895,33.2727985,126.1480697,제주권,472399,City
160,제주특별자치도,서귀포시,871474203,630683386,240790817,Jeju-do,Seogwipo,33.2541205,126.560076,33.2609,126.5798,33.2395,126.5552,33.490087,126.9979895,33.1032777,126.1480725,제주권,169358,City
161,경상남도,하동군,675622348,29526382,646095966,Gyeongsangnam-do,Hadong,35.0672108,127.7512687,35.3304835,127.9403529,34.9153186,127.5622163,35.3304835,127.9403529,34.9153186,127.5622163,영남권,43441,Town
